City_ID,City,Lat,Lng,Max Temp,Humidity,Cloudiness,Wind Speed,Country,Date
0,bethel,41.3712,-73.414,11.05,70,0,1.54,US,1682555038
1,utrik,11.2278,169.8474,26.71,81,42,9.06,MH,1682555136
2,port lincoln,-34.7333,135.8667,17.96,80,12,8.69,AU,1682555137
3,puerto natales,-51.7236,-72.4875,5.11,84,73,2.51,CL,1682555137
4,pacific grove,36.6177,-121.9166,24.8,79,0,2.24,US,1682555137
5,altai,46.3722,96.2583,-6.42,67,95,5.26,MN,1682555137
6,vilyuysk,63.7553,121.6247,0.02,89,95,3.99,RU,1682555138
7,tucuma,-0.1833,-50.05,24.91,89,52,2.05,BR,1682555138
8,alesund,62.4723,6.1549,5.97,79,40,6.69,NO,1682555138
9,kingston,17.997,-76.7936,27.53,82,20,6.69,JM,1682555138
10,brisas de zicatela,15.8369,-97.0419,29.29,65,40,4.12,MX,1682555138
11,jamestown,42.097,-79.2353,6.8,52,0,4.12,US,1682555139
12,ushuaia,-54.8,-68.3,4.81,87,0,5.14,AR,1682555139
13,labuan,5.2767,115.2417,28.2,78,20,1.54,MY,1682555139
14,tazovsky,67.4667,78.7,-16.08,100,98,1.42,RU,1682555140
15,watsa,3.0372,29.5355,17.54,99,82,0.94,CD,1682555140
16,edinburgh of the seven seas,-37.0676,-12.3116,16.19,73,93,11.8,SH,1682555140
17,guerrero negro,27.9769,-114.0611,17.25,69,1,8.3,MX,1682555140
18,blackmans bay,-43.0167,147.3167,17.07,74,96,4.12,AU,1682555140
19,volosovo,59.4333,29.4833,8.37,82,50,2.19,RU,1682555141
20,planeta rica,8.4147,-75.5883,26.85,74,98,5.69,CO,1682555141
21,adamstown,-25.066,-130.1015,24.29,66,8,3.99,PN,1682555141
22,udachny,66.4167,112.4,-3.08,92,98,4.07,RU,1682555057
23,smithers,54.7804,-127.1743,10.18,34,40,6.17,CA,1682555142
24,katsuura,35.1333,140.3,17.17,43,25,7.08,JP,1682555142
25,avarua,-21.2078,-159.775,28.03,69,71,3.09,CK,1682555142
26,hermanus,-34.4187,19.2345,16.23,73,20,1.88,ZA,1682555143
27,pechora,65.1472,57.2244,-5.31,95,50,2.28,RU,1682555143
28,whitehorse,60.7161,-135.0538,6.43,39,75,8.23,CA,1682555143
29,antsiranana,-12.2787,49.2917,24.46,88,100,4.14,MG,1682555143
30,lent'ekhi,42.7856,42.7261,10.34,87,92,2.63,GE,1682555144
31,remire-montjoly,4.9167,-52.2667,24.02,100,75,0.0,GF,1682555135
32,albany,42.6001,-73.9662,9.96,81,100,3.42,US,1682554992
33,lib,8.3122,167.3766,27.59,80,41,8.52,MH,1682555145
34,yellowknife,62.456,-114.3525,3.29,100,100,2.06,CA,1682555145
35,khorixas,-20.3667,14.9667,21.52,50,67,2.02,NA,1682555145
36,puerto santa,-8.9906,-78.6456,24.48,82,16,4.07,PE,1682555145
37,port elizabeth,-33.918,25.5701,19.62,87,0,3.09,ZA,1682555145
38,grytviken,-54.2811,-36.5092,-0.89,79,25,5.14,GS,1682555146
39,pagar alam,-4.0167,103.2667,20.92,97,100,0.68,ID,1682555146
40,waitangi,-43.9535,-176.5597,13.23,82,97,6.26,NZ,1682555146
41,nema,57.5067,50.5011,10.68,90,65,4.25,RU,1682555146
42,sibut,5.718,19.0739,21.0,79,99,1.02,CF,1682555146
43,olindina,-11.3667,-38.3333,22.42,93,72,2.77,BR,1682555147
44,west island,-12.1568,96.8225,26.99,83,100,7.72,CC,1682555147
45,daru,-9.0763,143.2092,27.68,80,100,6.53,PG,1682555147
46,sukuta,13.4103,-16.7082,22.01,83,0,8.0,GM,1682555148
47,geraldton,-28.7667,114.6,14.23,94,51,2.57,AU,1682555148
48,sao vicente,-23.9631,-46.3919,24.59,26,96,1.92,BR,1682555148
49,goure,13.9835,10.2704,29.68,22,91,2.11,NE,1682555148
50,aral,40.5156,81.2636,14.22,24,89,2.27,CN,1682555149
51,lionel town,17.8101,-77.2406,27.94,75,91,1.5,JM,1682555149
52,port mathurin,-19.6833,63.4167,25.99,80,18,5.66,MU,1682555149
53,longyearbyen,78.2186,15.6401,-3.09,68,0,1.03,SJ,1682555149
54,iqaluit,63.7506,-68.5145,-1.15,92,75,3.6,CA,1682555150
55,port-aux-francais,-49.35,70.2167,7.25,97,100,6.85,TF,1682555150
56,bethal,-26.4579,29.4655,14.74,55,21,2.38,ZA,1682555150
57,flying fish cove,-10.4217,105.6791,27.22,78,78,5.96,CX,1682555151
58,port alfred,-33.5906,26.891,22.71,65,92,4.16,ZA,1682555151
59,kapuskasing,49.4169,-82.4331,1.05,93,75,1.54,CA,1682555151
60,dazhou,31.2159,107.5009,16.8,77,100,0.68,CN,1682555151
61,tuyen quang,21.8233,105.2181,21.4,74,39,0.34,VN,1682555152
62,margaret river,-33.95,115.0667,14.49,65,97,6.82,AU,1682555152
63,holualoa,19.6228,-155.9522,24.91,93,75,5.14,US,1682555153
64,invercargill,-46.4,168.35,11.68,82,81,0.89,NZ,1682554898
65,belmonte,-15.8631,-38.8828,24.42,85,5,1.4,BR,1682555153
66,bamboo flat,11.7,92.7167,28.15,77,96,3.02,IN,1682555153
67,talnakh,69.4865,88.3972,-8.77,96,100,1.76,RU,1682555153
68,raja,8.4596,25.678,24.23,72,100,1.56,SS,1682555154
69,inhambane,-23.865,35.3833,21.83,83,6,2.68,MZ,1682555154
70,antofagasta,-23.65,-70.4,17.6,85,41,2.38,CL,1682554564
71,palikir - national government center,6.9248,158.1611,28.47,84,100,5.14,FM,1682555154
72,satkania,22.0796,92.0572,26.99,54,49,1.21,BD,1682555154
73,thompson,55.7435,-97.8558,8.09,34,75,4.63,CA,1682555155
74,klyuchi,52.2667,79.1667,12.99,46,99,3.76,RU,1682555155
75,al burayqah,30.4062,19.5739,19.37,70,16,4.44,LY,1682555155
76,vorgashor,67.5833,63.95,-7.62,97,100,2.06,RU,1682555156
77,east london,-33.0153,27.9116,21.43,67,59,4.01,ZA,1682555156
78,tura,25.5198,90.2201,22.96,47,6,1.25,IN,1682555156
79,ust-nera,64.5667,143.2,-3.0,83,65,1.06,RU,1682555157
80,bilibino,68.0546,166.4372,-5.36,79,66,1.1,RU,1682555157
81,medina,24.4686,39.6142,25.24,22,0,2.06,SA,1682554913
82,punta arenas,-53.15,-70.9167,8.06,71,75,9.77,CL,1682554820
83,jinghong,21.991,100.7341,22.51,69,1,0.44,CN,1682555157
84,mersa matruh,31.3525,27.2453,19.74,52,0,2.78,EG,1682555157
85,constantia,44.1833,28.65,8.38,81,100,8.37,RO,1682555158
86,phan thiet,10.9333,108.1,27.74,69,65,2.94,VN,1682555158
87,alice springs,-23.7,133.8833,27.75,32,92,4.63,AU,1682555048
88,christchurch,-43.5333,172.6333,17.17,64,0,1.34,NZ,1682554935
89,aweil,8.7682,27.4002,27.94,52,85,2.16,SS,1682555159
90,gournay-en-bray,49.4828,1.7247,10.33,80,100,3.06,FR,1682555159
91,badger,64.8,-147.5333,5.0,48,75,3.09,US,1682555159
92,touros,-5.1989,-35.4608,26.71,79,96,4.87,BR,1682555159
93,toccoa,34.5773,-83.3324,13.8,94,100,2.06,US,1682555160
94,novodvinsk,64.4165,40.8122,2.86,97,70,1.95,RU,1682555160
95,hasaki,35.7333,140.8333,17.38,51,34,6.85,JP,1682555161
96,ugoofaaru,5.6667,73.0,28.84,75,55,3.08,MV,1682555161
97,nova vicosa,-17.8919,-39.3719,24.47,85,4,2.32,BR,1682555161
98,banda aceh,5.5577,95.3222,26.89,78,92,3.14,ID,1682555161
99,sovetskiy,61.3614,63.5842,7.82,96,100,1.34,RU,1682555162
100,khash,28.2211,61.2158,16.85,39,9,0.6,IR,1682555162
101,ghat,24.9647,10.1728,25.59,24,65,0.69,LY,1682555162
102,kuala belait,4.5833,114.1833,27.09,88,100,1.47,BN,1682555162
103,i-n-salah,27.1935,2.4607,28.0,9,0,6.79,DZ,1682555163
104,papatowai,-46.5619,169.4708,13.68,80,81,4.53,NZ,1682555163
105,polyarnyy,69.1989,33.4478,-0.39,74,100,4.57,RU,1682555163
106,georgetown,5.4112,100.3354,27.96,89,20,1.03,MY,1682555061
107,zhangjiajie,29.1294,110.4783,15.88,92,100,1.26,CN,1682555164
108,tiksi,71.6872,128.8694,-9.29,84,62,0.48,RU,1682555164
109,ilulissat,69.2167,-51.1,-0.99,100,100,1.54,GL,1682555164
110,qaqortoq,60.7167,-46.0333,0.94,86,84,1.03,GL,1682555165
111,uturoa,-16.7333,-151.4333,28.0,76,8,3.59,PF,1682555165
112,tromso,69.6496,18.957,2.01,69,100,1.54,NO,1682555165
113,letlhakane,-21.4167,25.5833,21.21,53,28,4.22,BW,1682555123
114,manoc-manoc,11.9416,121.9428,28.07,75,88,6.04,PH,1682555166
115,isafjordur,66.0755,-23.124,-1.84,68,46,2.94,IS,1682555166
116,susuman,62.7833,148.1667,-5.7,81,94,1.03,RU,1682555166
117,gogolin,50.4922,18.0199,3.84,87,28,2.45,PL,1682555166
118,bredasdorp,-34.5322,20.0403,14.1,84,60,1.58,ZA,1682555167
119,karratha,-20.7377,116.8463,27.26,44,100,0.74,AU,1682555167
120,kapit,2.0167,112.9333,23.81,99,100,0.18,MY,1682555167
121,rawlins,41.7911,-107.2387,12.94,35,0,8.23,US,1682555168
122,kununurra,-15.7667,128.7333,29.99,58,24,2.06,AU,1682555168
123,kamina,-8.7386,24.9906,17.65,92,100,1.33,CD,1682555168
124,aguas formosas,-17.0822,-40.9358,20.97,89,12,0.09,BR,1682555169
125,tazacorte,28.629,-17.9293,19.54,86,0,1.54,ES,1682555169
126,lompoc,34.6391,-120.4579,25.38,80,75,3.6,US,1682554799
127,wanning,18.8003,110.3967,25.11,83,93,2.36,CN,1682555169
128,alapa,8.6167,4.3833,24.12,81,100,3.49,NG,1682555170
129,novokayakent,42.3937,47.9861,12.02,86,4,1.4,RU,1682554872
130,dzhetygara,52.1908,61.2006,13.39,43,97,5.87,KZ,1682555170
131,kodiak,57.79,-152.4072,3.73,87,100,5.66,US,1682555171
132,yel'nya,54.5786,33.1837,10.36,80,96,2.39,RU,1682555171
133,olonkinbyen,70.9221,-8.7187,-2.9,88,100,8.51,SJ,1682555171
134,tralee,52.2704,-9.7026,9.19,93,100,3.18,IE,1682555171
135,awjilah,29.1081,21.2869,22.67,27,0,2.08,LY,1682555172
136,wailua homesteads,22.0669,-159.378,27.24,70,40,5.14,US,1682555172
137,saint-philippe,-21.3585,55.7679,22.77,76,56,2.4,RE,1682555173
138,la ronge,55.1001,-105.2842,7.14,61,75,7.2,CA,1682555173
139,novofedorivka,46.1713,32.3178,11.15,93,97,1.28,UA,1682555173
140,crane,31.3974,-102.3501,27.61,11,75,8.37,US,1682555173
141,el calafate,-50.3408,-72.2768,5.5,70,71,2.9,AR,1682555174
142,santyoku,37.4406,129.1708,14.79,43,0,3.08,KR,1682555174
143,hawaiian paradise park,19.5933,-154.9731,27.8,67,0,4.12,US,1682555174
144,guixi,28.2886,117.2133,17.68,76,7,2.36,CN,1682555175
145,kandahar,31.0,65.75,19.45,32,83,1.09,AF,1682555137
146,san mariano,7.5,126.0,26.16,77,96,1.5,PH,1682555175
147,stanley,54.868,-1.6985,3.72,93,0,0.0,GB,1682555175
148,illapel,-31.6308,-71.1653,18.72,66,14,0.99,CL,1682555176
149,al mutayrifi,25.4788,49.5576,22.19,30,69,3.65,SA,1682555176
150,bamako,12.65,-8.0,26.23,27,0,1.54,ML,1682555176
151,kalevala,65.2,31.1667,0.29,98,100,3.67,RU,1682555054
152,college,64.8569,-147.8028,5.05,48,75,3.09,US,1682555177
153,alofi,-19.0595,-169.9187,25.94,89,75,5.14,NU,1682555177
154,dudinka,69.4058,86.1778,-8.54,96,100,2.55,RU,1682555178
155,bandar-e genaveh,29.5791,50.517,24.07,57,63,1.63,IR,1682555178
156,plettenberg bay,-34.0527,23.3716,16.97,89,100,2.52,ZA,1682555178
157,zhigalovo,54.8097,105.1578,0.78,73,77,3.24,RU,1682555179
158,pangody,65.85,74.4859,-12.94,98,54,2.4,RU,1682555179
159,kirakira,-10.4544,161.9205,28.93,71,51,1.84,SB,1682555179
160,martapura,-3.4167,114.85,26.05,94,20,3.09,ID,1682555179
161,zheshart,62.0731,49.5733,4.18,96,100,4.13,RU,1682555180
162,kone,-21.0595,164.8658,26.16,73,35,2.43,NC,1682555180
163,fort mcmurray,56.7268,-111.381,10.77,43,75,2.06,CA,1682555074
164,broken hill,-31.95,141.4333,22.42,33,20,9.79,AU,1682555059
165,pochinki,54.6988,44.8668,9.03,89,54,4.22,RU,1682555181
166,teluk nibung,3.001,99.8164,24.65,93,93,2.17,ID,1682555182
167,mareeba,-17.0,145.4333,25.8,75,25,2.81,AU,1682555182
168,morant bay,17.8815,-76.4093,27.79,79,96,2.86,JM,1682555182
169,mount gambier,-37.8333,140.7667,15.99,85,79,4.32,AU,1682554670
170,ambon,-3.6954,128.1814,28.86,91,40,1.54,ID,1682555127
171,hirara,24.8,125.2833,23.15,83,75,5.66,JP,1682555183
172,portland,45.5234,-122.6762,25.46,43,75,3.09,US,1682555010
173,miasskoye,55.2784,61.8905,17.15,48,99,4.39,RU,1682555184
174,coahuayana de hidalgo,18.7,-103.6583,28.02,50,84,3.19,MX,1682555184
175,tolanaro,-25.0319,46.9987,19.04,88,20,2.06,MG,1682555184
176,kollam,8.8833,76.6,26.87,83,80,1.37,IN,1682555185
177,pudasjarvi,65.3833,26.9167,1.86,100,100,4.84,FI,1682555185
178,la plata,-34.9215,-57.9545,18.23,66,20,2.28,AR,1682554949
179,kapa'a,22.0752,-159.319,27.99,69,40,5.14,US,1682555185
180,gandajika,-6.75,23.95,20.31,94,98,1.07,CD,1682555186
181,sihanoukville,10.6093,103.5296,24.97,88,40,2.06,KH,1682555186
182,krasnogorskiy,54.6025,61.231,12.72,48,100,4.0,RU,1682555186
183,dwarka,22.2394,68.9678,26.31,70,3,5.91,IN,1682555187
184,nianzishan,47.5167,122.8833,9.32,29,37,5.46,CN,1682555187
185,aras-asan,8.8908,126.3033,28.58,71,100,2.41,PH,1682555187
186,san fernando de monte cristi,19.8667,-71.65,25.32,80,69,3.32,DO,1682555187
187,kuala terengganu,5.3302,103.1408,25.97,94,40,1.03,MY,1682555187
188,estevan,49.1334,-102.9842,12.19,35,20,9.26,CA,1682555188
189,ocos,14.5094,-92.1933,30.1,65,19,4.32,GT,1682555188
190,amursk,50.2261,136.8994,3.02,68,91,0.25,RU,1682555188
191,morgan city,29.6994,-91.2068,25.0,79,36,2.76,US,1682555188
192,huilong,31.8111,121.655,15.82,69,99,5.68,CN,1682555188
193,hamilton,39.1834,-84.5333,14.47,46,0,3.09,US,1682554630
194,broome,42.2506,-75.833,7.53,93,0,2.57,US,1682555188
195,san fernando,15.0286,120.6898,29.85,61,35,4.28,PH,1682554828
196,bouca,6.5105,18.2733,21.97,85,81,1.92,CF,1682555189
197,ziro,27.6333,93.8333,9.99,89,65,1.28,IN,1682555189
198,puerto leguizamo,-0.1934,-74.7819,21.97,98,65,0.88,CO,1682555189
199,saipan,15.1355,145.701,29.39,100,75,8.75,MP,1682555189
200,noosa heads,-26.3833,153.15,21.85,75,90,6.76,AU,1682555189
201,radzymin,52.4159,21.1841,5.61,73,42,2.65,PL,1682555189
202,puerto ayora,-0.7393,-90.3518,26.42,89,49,0.89,EC,1682555190
203,bubaque,11.2833,-15.8333,25.64,71,96,5.77,GW,1682555190
204,raton,36.9034,-104.4391,5.34,65,40,7.2,US,1682555190
205,nicoya,10.1483,-85.452,28.99,63,5,2.79,CR,1682555191
206,naze,28.3667,129.4833,20.51,59,2,5.18,JP,1682555191
207,nar'yan-mar,67.6713,53.087,-7.22,95,47,4.32,RU,1682555191
208,st. john's,47.5649,-52.7093,2.6,87,100,7.72,CA,1682554898
209,hilo,19.7297,-155.09,27.93,67,0,4.12,US,1682555192
210,baqubah,33.7485,44.6554,23.27,27,46,3.64,IQ,1682555192
211,kittila,67.6647,24.8936,2.08,75,0,2.57,FI,1682555193
212,bhaisa,19.1,77.9667,25.15,61,47,4.11,IN,1682555193
213,keflavik,64.0049,-22.5624,1.24,100,100,7.2,IS,1682555193
214,hanceville,34.0607,-86.7675,16.61,82,99,3.75,US,1682555193
215,bandundu,-3.3167,17.3667,21.63,95,85,1.34,CD,1682555194
216,namibe,-15.1961,12.1522,25.27,66,64,4.27,AO,1682555194
217,myaydo,19.3667,95.2167,28.27,57,0,3.11,MM,1682555194
218,aqadyr,48.2553,72.8483,9.6,48,11,2.75,KZ,1682555194
219,afaahiti,-17.75,-149.2833,29.93,84,68,5.19,PF,1682555194
220,tanay,14.5667,121.35,28.18,70,44,3.59,PH,1682555194
221,kanye,-24.9667,25.3327,17.73,58,6,3.41,BW,1682555195
222,batroun,34.2553,35.6581,13.64,77,94,2.62,LB,1682555195
223,extrema,-22.8547,-46.3183,16.56,96,100,1.8,BR,1682555195
224,coquimbo,-29.9533,-71.3436,13.85,100,100,2.06,CL,1682555195
225,labasa,-16.4167,179.3833,29.6,66,100,3.26,FJ,1682555196
226,tommot,58.9564,126.2925,0.5,74,40,1.0,RU,1682555111
227,al ghayzah,16.2079,52.176,28.83,71,75,1.46,YE,1682555196
228,avsyunino,55.5652,39.1232,7.23,94,77,2.01,RU,1682555196
229,garissa,-0.4536,39.6401,25.37,83,92,4.85,KE,1682555197
230,camocim,-2.9022,-40.8411,25.35,89,86,4.37,BR,1682555197
231,nadi,-17.8,177.4167,30.0,66,40,6.17,FJ,1682555197
232,cabo san lucas,22.8909,-109.9124,28.12,50,0,3.09,MX,1682554968
233,labrador city,52.9463,-66.9114,6.95,49,75,1.54,CA,1682555197
234,vredendal,-31.6683,18.5012,15.34,71,100,1.71,ZA,1682555198
235,tuapse,44.1125,39.0742,13.56,56,99,2.33,RU,1682555198
236,horta,38.5333,-28.6333,15.57,87,32,7.15,PT,1682554907
237,onega,63.9061,38.1404,2.06,94,100,3.39,RU,1682555198
238,san julian,21.0167,-102.1667,26.33,8,89,7.57,MX,1682555199
239,ancud,-41.8697,-73.8203,9.53,89,97,0.99,CL,1682555199
240,kill devil hills,36.0307,-75.676,16.01,71,0,3.6,US,1682554907
241,legionowo,52.4015,20.9266,5.68,73,0,2.57,PL,1682555199
242,mugia,43.1041,-9.2179,13.84,91,97,2.97,ES,1682555200
243,yebaishou,41.3975,119.6408,13.38,41,85,5.09,CN,1682555200
244,dire dawa,9.5931,41.8661,22.19,67,25,2.24,ET,1682555201
245,juan l. lacaze,-34.4333,-57.4167,16.77,84,5,3.19,UY,1682555201
246,shanhaiguan,39.9988,119.7564,13.17,71,67,6.89,CN,1682555201
247,nova sintra,14.8667,-24.7167,20.29,76,0,7.72,CV,1682555202
248,saldanha,-33.0117,17.9442,14.03,76,93,3.65,ZA,1682555202
249,inongo,-1.95,18.2667,21.75,93,100,1.69,CD,1682555202
250,walvis bay,-22.9575,14.5053,15.61,100,9,2.06,NA,1682555202
251,benguela,-12.5763,13.4055,26.15,84,88,2.89,AO,1682555203
252,nemuro,43.3236,145.575,4.82,77,89,12.04,JP,1682555203
253,tsiombe,-25.3,45.4833,18.24,91,15,0.78,MG,1682555203
254,fale old settlement,-9.3852,-171.2468,28.55,74,81,5.22,TK,1682555203
255,quellon,-43.1167,-73.6167,9.14,81,75,1.54,CL,1682555204
256,rongelap,11.1635,166.8941,27.04,81,40,9.44,MH,1682555204
257,bloomfield,40.8068,-74.1854,12.59,77,100,5.14,US,1682554547
258,tokamachi,37.1333,138.7667,11.81,93,100,1.36,JP,1682555205
259,pospelikha,51.95,81.7667,9.11,70,94,3.06,RU,1682555205
260,holly springs,35.6513,-78.8336,16.1,89,100,1.79,US,1682555205
261,corner brook,48.9667,-57.9484,2.09,89,99,1.26,CA,1682555121
262,xiongzhou,25.1167,114.3,18.25,73,1,0.62,CN,1682555205
263,luau,-10.7073,22.2247,16.89,73,87,1.79,AO,1682555206
264,kualakapuas,-3.0091,114.3876,25.96,88,99,0.42,ID,1682555206
265,dhekiajuli,26.7,92.5,22.48,58,8,2.28,IN,1682555206
266,tadine,-21.55,167.8833,25.19,78,100,3.34,NC,1682555206
267,inarajan village,13.2736,144.7484,29.66,90,22,8.27,GU,1682555207
268,san patricio,28.017,-97.5169,26.97,74,68,6.79,US,1682555207
269,lumphat,13.4878,106.9816,26.68,68,88,3.52,KH,1682555207
270,isangel,-19.55,169.2667,28.06,83,75,1.54,VU,1682555208
271,ayaviri,-14.8864,-70.5889,7.32,45,20,2.3,PE,1682555172
272,praia da vitoria,38.7333,-27.0667,18.2,77,40,10.34,PT,1682555208
273,sao manuel,-22.7311,-48.5706,16.48,97,49,0.48,BR,1682555208
274,el rosario,24.2556,-107.1828,28.05,37,58,3.5,MX,1682555118
275,kyenjojo,0.6328,30.6214,16.04,100,56,0.6,UG,1682555209
276,kuusamo,65.9667,29.1833,0.02,64,0,3.6,FI,1682555209
277,homer,59.6425,-151.5483,6.94,59,100,4.12,US,1682555209
278,otjimbingwe,-22.35,16.1333,23.1,57,31,1.05,NA,1682555210
279,port douglas,-16.4833,145.4667,25.46,78,34,6.09,AU,1682555210
280,bonab,37.3404,46.0561,9.25,49,0,3.09,IR,1682555210
281,aykhal,66.0,111.5,-4.51,92,100,1.47,RU,1682555211
282,longjing,42.7714,129.4233,12.32,30,72,1.87,CN,1682555211
283,carnarvon,-24.8667,113.6333,18.9,50,0,6.48,AU,1682555211
284,kodinsk,58.6881,99.1844,-1.51,85,88,2.27,RU,1682555211
285,juan griego,11.0817,-63.9655,27.07,83,31,7.2,VE,1682555212
286,mmabatho,-25.85,25.6333,17.94,58,17,3.65,ZA,1682555212
287,new norfolk,-42.7826,147.0587,17.18,66,97,1.67,AU,1682555212
288,coronel dorrego,-38.7187,-61.2873,12.65,89,0,2.31,AR,1682555213
289,dryden,49.7833,-92.7503,8.16,34,100,3.6,CA,1682555213
290,san cristobal,7.7669,-72.225,24.1,96,54,1.04,VE,1682555213
291,homosassa springs,28.8036,-82.5759,27.12,72,100,2.06,US,1682555213
292,chonchi,-42.6128,-73.8092,8.95,95,100,0.5,CL,1682555213
293,novaya igirma,57.1334,103.9112,-0.25,78,99,3.63,RU,1682555214
294,santiago de cao,-7.9589,-79.2392,24.07,83,32,5.14,PE,1682555214
295,beyneu,45.3167,55.2,16.83,64,85,4.27,KZ,1682555214
296,ibotirama,-12.1853,-43.2206,23.8,49,40,0.95,BR,1682555214
297,la'ie,21.6477,-157.9253,27.98,87,88,4.59,US,1682555214
298,scottsbluff,41.8666,-103.6672,19.6,36,20,2.57,US,1682555215
299,novo aripuana,-5.1206,-60.3797,25.53,82,93,1.41,BR,1682555215
300,villa ojo de agua,-29.5,-63.6938,16.47,69,0,1.95,AR,1682555215
301,arraial do cabo,-22.9661,-42.0278,23.98,88,0,5.14,BR,1682555216
302,ribeira grande,38.5167,-28.7,15.99,88,25,6.71,PT,1682555216
303,bonthe,7.5264,-12.505,26.72,81,99,2.84,SL,1682555216
304,anadyr,64.75,177.4833,-8.72,72,0,6.0,RU,1682555216
305,changling,44.2653,124.0005,11.21,32,92,9.6,CN,1682555217
306,knyaze-volkonskoye,48.4642,135.4567,8.19,29,34,7.38,RU,1682555217
307,mabaruma,8.2,-59.7833,22.53,100,100,1.16,GY,1682555217
308,sagua la grande,22.8067,-80.0756,27.55,64,63,3.04,CU,1682555217
309,chiredzi,-21.05,31.6667,18.06,84,0,1.94,ZW,1682555217
310,sabinanigo,42.5192,-0.3661,13.4,78,100,1.22,ES,1682555218
311,hithadhoo,-0.6,73.0833,28.73,73,98,3.26,MV,1682555218
312,chifeng,42.2683,118.9636,15.22,35,60,5.69,CN,1682555096
313,galesong,-5.3166,119.3661,26.01,83,100,2.15,ID,1682555218
314,scarborough,54.2797,-0.4044,7.03,85,57,2.03,GB,1682554965
315,kohlu,29.8962,69.252,20.18,29,100,0.81,PK,1682555219
316,karmala,18.4167,75.2,26.76,46,38,2.45,IN,1682555219
317,siniscola,40.5719,9.6922,13.75,58,66,2.12,IT,1682555220
318,porto novo,6.4965,2.6036,27.9,84,96,2.52,BJ,1682555220
319,tarawa,1.419,172.984,28.25,76,29,6.86,KI,1682555220
320,sola,-13.8833,167.55,27.21,73,81,1.1,VU,1682555216
321,aasiaat,68.7098,-52.8699,-1.36,86,99,1.33,GL,1682555219
322,neiafu,-18.65,-173.9833,29.38,74,75,6.17,TO,1682555221
323,margate,51.3813,1.3862,8.83,74,95,2.24,GB,1682555221
324,cadale,2.7603,46.3222,29.01,75,64,5.24,SO,1682555222
325,vanimo,-2.6741,141.3028,29.07,69,82,1.41,PG,1682555222
326,wad medani,14.4012,33.5199,32.84,32,76,5.42,SD,1682555222
327,cidreira,-30.1811,-50.2056,18.99,88,10,4.35,BR,1682555223
328,jutai,-5.1833,-68.9,23.19,96,77,0.81,BR,1682555223
329,jalqani,12.4486,34.2186,31.31,38,4,3.83,SD,1682555223
330,gereida,11.2811,25.1414,27.25,53,93,4.63,SD,1682555223
331,gadzhiyevo,69.2551,33.3362,-0.51,75,100,4.77,RU,1682555223
332,mata-utu,-13.2816,-176.1745,28.6,71,100,3.33,WF,1682555223
333,lebu,-37.6167,-73.65,12.8,94,100,2.18,CL,1682555224
334,sinabang,2.4803,96.3801,27.22,79,100,1.55,ID,1682555224
335,kuvshinovo,57.0295,34.1725,7.68,89,13,1.67,RU,1682555224
336,naracoorte,-36.9579,140.7383,18.71,70,76,6.27,AU,1682555225
337,emerald,-23.5333,148.1667,23.52,58,37,4.85,AU,1682555060
338,rosarito,32.3333,-117.0333,23.15,73,31,5.37,MX,1682555225
339,manokwari,-0.8667,134.0833,28.3,70,93,1.75,ID,1682555226
340,raymondville,26.4815,-97.7831,28.38,67,96,5.85,US,1682555226
341,carahue,-38.7,-73.1667,11.49,94,98,1.11,CL,1682555226
342,bengkulu,-3.8004,102.2655,24.99,87,100,1.2,ID,1682555035
343,pisco,-13.7,-76.2167,23.03,73,0,6.17,PE,1682555227
344,lata,40.1629,-8.3327,17.18,73,100,1.24,PT,1682555227
345,oppdal,62.5943,9.6912,-1.77,97,100,2.73,NO,1682555227
346,nishinoomote,30.7333,131.0,19.31,68,40,4.12,JP,1682555227
347,puerto aysen,-45.4,-72.7,7.27,96,76,1.81,CL,1682555228
348,kampene,-3.6,26.6667,19.8,100,100,0.54,CD,1682555228
349,gudul,40.2105,32.2455,12.5,90,100,1.03,TR,1682555229
350,mansa,29.9833,75.3833,26.11,27,98,2.56,IN,1682555229
351,fort bragg,35.139,-79.006,15.67,92,100,3.09,US,1682555229
352,hobyo,5.3505,48.5268,28.91,77,5,5.64,SO,1682555229
353,port shepstone,-30.7414,30.455,21.27,89,34,4.21,ZA,1682555027
354,iskateley,67.6803,53.1512,-7.31,95,47,4.3,RU,1682555230
355,tuy hoa,13.0833,109.3,25.52,84,90,2.0,VN,1682555230
356,vernon,50.2581,-119.2691,20.74,34,94,4.63,CA,1682555230
357,ak-suu,42.4995,78.527,5.49,44,100,1.87,KG,1682555231
358,newman,37.3138,-121.0208,31.61,31,12,1.79,US,1682555231
359,aksu,41.1231,80.2644,13.9,25,100,3.38,CN,1682555231
360,valdivia,-39.8142,-73.2459,11.05,89,100,0.57,CL,1682555231
361,tannum sands,-23.9504,151.3693,25.42,53,75,6.69,AU,1682555232
362,kindu,-2.95,25.95,20.3,99,93,0.79,CD,1682555232
363,sorong,-0.8833,131.25,27.98,73,80,1.34,ID,1682555232
364,blenheim,-41.516,173.9528,16.96,63,0,0.75,NZ,1682555232
365,rawson,-43.3002,-65.1023,14.91,61,11,4.72,AR,1682555232
366,pandan,14.0453,124.1694,27.17,82,77,4.78,PH,1682555233
367,tateyama,34.9833,139.8667,16.41,50,9,5.86,JP,1682555233
368,yaren,-0.5472,166.916,28.85,75,14,7.0,NR,1682555233
369,maracas,-13.4411,-40.4308,17.53,86,19,2.57,BR,1682555008
370,malango,-2.9627,119.9001,22.21,94,100,0.56,ID,1682555234
371,danane,7.2596,-8.155,21.42,90,100,1.57,CI,1682555234
372,ngawi,-7.4038,111.4461,25.5,88,98,0.97,ID,1682555234
373,starobesheve,47.7504,38.0305,10.74,83,74,3.86,UA,1682555234
374,cold lake,54.4502,-110.2017,12.97,35,75,3.6,CA,1682555074
375,san jose de jachal,-30.2406,-68.7469,19.87,40,0,0.94,AR,1682555235
376,queenstown,-31.8976,26.8753,15.41,44,45,2.69,ZA,1682555235
377,sisimiut,66.9395,-53.6735,-1.33,90,69,3.85,GL,1682555235
378,were ilu,10.6,39.4333,12.78,84,84,1.3,ET,1682555236
379,olonets,60.9847,32.9698,8.95,81,100,2.76,RU,1682555236
380,ixtapa,20.7,-105.2,25.68,78,100,4.63,MX,1682555236
381,tecoman,18.9167,-103.8833,27.87,50,79,3.15,MX,1682555237
382,thanh hoa,19.8,105.7667,22.62,78,89,1.26,VN,1682555237
383,jesteburg,53.3,9.9667,3.36,91,80,2.48,DE,1682555237
384,selfoss,63.9331,-20.9971,-1.09,96,100,3.3,IS,1682554958
385,jining,35.405,116.5814,16.12,61,5,7.0,CN,1682555012
386,ust-tsilma,65.441,52.1498,-3.27,95,99,2.08,RU,1682555238
387,smirnykh,49.75,142.8333,7.55,45,82,4.14,RU,1682555239
388,galle,6.0367,80.217,26.13,84,100,1.65,LK,1682554903
389,konarka,19.9,86.1167,27.22,86,66,4.32,IN,1682555240
390,vila franca do campo,37.7167,-25.4333,17.23,91,89,6.07,PT,1682555240
391,sarangani,5.4033,125.4636,28.73,75,54,7.82,PH,1682555240
392,callao,-12.0667,-77.15,27.07,65,0,6.69,PE,1682555102
393,hakui,36.8833,136.7833,16.81,72,50,2.5,JP,1682555241
394,sale,34.0389,-6.8166,22.58,94,45,3.6,MA,1682555242
395,patong,7.8961,98.2966,27.08,79,81,4.78,TH,1682555242
396,mogocha,53.7333,119.7667,2.79,46,51,1.58,RU,1682555243
397,dhidhdhoo,6.8833,73.1,28.84,74,41,3.03,MV,1682555244
398,santa isabel,-23.3156,-46.2214,20.61,96,100,1.25,BR,1682555244
399,belyy yar,53.6039,91.3903,-2.06,86,0,2.0,RU,1682555244
400,ouani,-12.1322,44.4258,26.85,79,54,5.02,KM,1682555245
401,castillos,-34.1667,-53.8333,17.02,97,24,3.89,UY,1682555245
402,nuku'alofa,-21.1333,-175.2,26.19,83,75,6.17,TO,1682555245
403,petropavlovsk-kamchatsky,53.0452,158.6483,6.33,39,0,2.0,RU,1682555245
404,lisala,2.15,21.5167,20.47,96,98,0.78,CD,1682555246
405,santana,-0.0583,-51.1817,24.1,100,100,1.03,BR,1682555246
406,yanbu,24.0891,38.0637,27.02,50,0,3.09,SA,1682555247
407,huoqiu chengguanzhen,32.3547,116.2939,17.08,64,56,4.16,CN,1682555247
408,collie,-33.3667,116.15,12.37,92,52,2.64,AU,1682555247
409,cannonvale,-20.2833,148.7,23.66,70,46,7.34,AU,1682555248
410,bereznik,62.8551,42.7072,2.57,97,100,3.4,RU,1682555248
411,hadibu,12.65,54.0333,27.47,74,5,0.99,YE,1682555206
412,puerto baquerizo moreno,-0.9,-89.6,25.93,77,19,3.55,EC,1682555249
413,nabire,-3.3667,135.4833,28.79,69,84,0.21,ID,1682555105
414,kailua-kona,19.6406,-155.9956,26.98,93,75,5.14,US,1682555207
415,ca mau,9.1769,105.15,28.31,76,38,4.11,VN,1682555250
416,starozhilovo,54.2254,39.916,8.66,87,7,3.72,RU,1682555250
417,tando muhammad khan,25.123,68.5358,24.63,63,0,5.63,PK,1682555250
418,znamenskoye,57.1281,73.8282,12.0,64,100,1.67,RU,1682555251
419,trubchevsk,52.5798,33.7644,11.09,87,98,2.44,RU,1682555251
420,harper,4.375,-7.7169,26.23,86,100,3.57,LR,1682555251
421,piti village,13.4626,144.6933,29.61,86,75,6.69,GU,1682555226
422,ta`u,-14.2336,-169.5144,28.26,71,43,3.76,AS,1682555252
423,howard springs,-12.497,131.047,29.93,82,78,5.03,AU,1682555252
424,pitkyaranta,61.5734,31.4792,7.09,84,100,2.68,RU,1682555252
425,fuyang,32.9,115.8167,16.94,65,44,3.96,CN,1682555253
426,hyesan,41.4017,128.1778,7.58,48,85,1.3,KP,1682555253
427,freetown,8.484,-13.2299,26.84,78,40,4.63,SL,1682555253
428,tauste,41.918,-1.2534,20.14,80,96,2.93,ES,1682555253
429,penafiel,41.2084,-8.2829,16.16,93,100,1.05,PT,1682555254
430,santa ana,33.7456,-117.8678,31.34,58,0,3.09,US,1682555254
431,kutum,14.2,24.6667,26.57,34,92,2.66,SD,1682555254
432,koundara,12.4833,-13.3,27.4,52,100,5.47,GN,1682555254
433,queensbury,53.7667,-1.9167,5.42,77,45,0.59,GB,1682555254
434,rundu,-17.9333,19.7667,20.7,38,58,1.93,NA,1682555255
435,kyakhta,50.3508,106.4494,-2.85,67,98,4.86,RU,1682555255
436,tulun,54.5611,100.5792,-0.28,45,90,3.41,RU,1682555255
437,quezon,7.7303,125.0989,27.2,73,83,2.11,PH,1682555255
438,tari,12.4086,4.4914,30.19,48,86,8.03,NG,1682555256
439,quang ngai,15.1167,108.8,26.03,78,49,1.07,VN,1682555256
440,glace bay,46.1969,-59.957,2.7,83,40,1.54,CA,1682555256
441,fagersta,60.0042,15.7932,1.36,87,87,3.87,SE,1682555257
442,rokupr,8.6717,-12.395,25.56,86,91,1.52,SL,1682555257
443,egilsstadir,65.2653,-14.3948,-6.05,86,75,0.0,IS,1682555257
444,chanute,37.6792,-95.4572,17.12,34,100,5.14,US,1682555099
445,vernal,40.4555,-109.5287,17.03,29,75,0.89,US,1682555257
446,kigoma,-4.8769,29.6267,22.5,83,100,1.52,TZ,1682555258
447,hell-ville,-13.4,48.2667,25.43,87,42,3.11,MG,1682555258
448,muroto-misakicho,33.2833,134.15,15.54,58,0,0.78,JP,1682555258
449,lethem,3.3803,-59.7968,22.52,93,100,2.96,GY,1682555258
450,morazan,15.3167,-87.6,27.87,65,42,2.03,HN,1682555259
451,lilongwe,-13.9669,33.7873,14.82,91,53,0.93,MW,1682555259
452,tidjikja,18.5564,-11.4271,30.58,10,0,4.4,MR,1682555259
453,lock haven,41.137,-77.4469,11.11,78,51,0.6,US,1682555259
454,kulhudhuffushi,6.6221,73.07,28.65,75,51,3.16,MV,1682555259
455,kismayo,-0.3582,42.5454,27.06,81,100,4.1,SO,1682555260
456,demre,36.2537,29.9777,15.09,80,97,0.3,TR,1682555260
457,sidney,-33.8679,151.2073,23.61,62,20,6.17,AU,1682555100
458,ende,-8.8432,121.6623,27.91,81,100,0.97,ID,1682555261
459,sirjan,29.452,55.6814,16.22,47,100,0.93,IR,1682555261
460,san antonio de pale,-1.4014,5.6325,28.17,77,98,3.62,GQ,1682555261
461,colonia,50.9333,6.95,6.81,72,0,1.03,DE,1682555200
462,mejit,10.2753,170.8646,27.02,82,76,8.56,MH,1682555261
463,yerkoy,39.6381,34.4672,11.85,67,99,2.66,TR,1682555261
464,dolinsk,47.35,142.8,6.65,45,16,6.71,RU,1682555262
465,thinadhoo,0.5333,72.9333,28.81,71,83,2.45,MV,1682555262
466,nyaunglebin,17.95,96.7333,27.43,70,0,2.98,MM,1682555262
467,amfissa,38.525,22.3731,13.62,69,30,3.14,GR,1682555262
468,necochea,-38.5473,-58.7368,14.71,89,0,4.97,AR,1682555262
469,xining,36.6167,101.7667,8.28,46,100,4.37,CN,1682555263
470,neryungri,56.6709,124.6491,-3.42,70,52,0.62,RU,1682555263
471,enewetak,11.3474,162.3373,27.04,81,79,9.84,MH,1682555263
472,yarmouth,41.7057,-70.2286,8.03,85,40,2.57,US,1682555257
473,minas de marcona,-15.2119,-75.1103,17.57,81,34,5.11,PE,1682555264
474,muslyumovo,55.3033,53.1947,11.27,83,88,5.93,RU,1682555264
475,chibougamau,49.9168,-74.3659,1.79,93,75,1.03,CA,1682555264
476,solleftea,63.1667,17.2667,2.01,100,100,1.68,SE,1682555265
477,simpang,-1.2667,104.0833,24.53,96,100,0.77,ID,1682554753
478,brasileia,-11.0161,-68.7481,23.86,93,17,0.98,BR,1682555265
479,port isabel,26.0734,-97.2086,28.05,79,0,7.2,US,1682555265
480,amurzet,47.6967,131.0981,7.05,58,100,1.4,RU,1682555266
481,arar,30.9753,41.0381,19.01,15,0,0.0,SA,1682555266
482,douglas,41.3,-96.167,18.96,44,75,3.6,US,1682555161
483,kyabe,9.4515,18.9449,26.07,66,93,3.17,TD,1682555267
484,leninskoye,41.7589,69.3864,14.09,41,3,2.32,KZ,1682555267
485,velikiye luki,56.34,30.5452,9.86,83,62,1.87,RU,1682555267
486,hpa-an,16.8906,97.6333,26.21,78,1,1.2,MM,1682555267
487,mountain home,43.133,-115.6912,20.71,24,0,6.69,US,1682555268
488,karkira,36.9292,6.5856,15.79,73,49,1.27,DZ,1682555268
489,desterro,-7.2906,-37.0939,21.31,91,93,3.15,BR,1682555268
490,staroyur'yevo,53.3161,40.7081,9.75,87,25,3.47,RU,1682555268
491,baley,51.6,116.6333,3.45,35,81,3.83,RU,1682555269
492,valparaiso,-33.0393,-71.6273,15.56,66,100,2.57,CL,1682554968
493,rizokarpaso,35.6,34.375,16.86,67,31,1.24,CY,1682555269
494,kamianske,48.5113,34.6021,11.44,82,98,3.08,UA,1682555269
495,canitas de felipe pescador,23.6,-102.7167,25.58,5,100,4.87,MX,1682555269
496,olyokminsk,60.3736,120.4264,1.57,70,98,1.56,RU,1682555270
497,vila velha,-20.3297,-40.2925,24.97,93,75,2.57,BR,1682555270
498,okoneshnikovo,54.8377,75.0834,13.68,48,100,3.82,RU,1682555271
499,mulino,56.2892,42.9201,10.79,93,100,4.73,RU,1682555272
500,la passe,45.5549,-0.8967,13.32,91,100,0.99,FR,1682555272
501,joshimath,30.5667,79.5667,8.93,58,93,3.14,IN,1682555272
502,togur,58.3631,82.8265,0.38,95,100,1.91,RU,1682555272
503,al bardiyah,31.7561,25.0865,18.58,54,21,3.95,LY,1682555273
504,malacacheta,-17.8422,-42.0767,17.95,84,2,0.97,BR,1682555273
505,brookings,44.3114,-96.7984,18.19,36,0,8.23,US,1682555273
506,cestos city,5.46,-9.5828,25.46,86,100,2.97,LR,1682555274
507,gillette,44.2911,-105.5022,16.17,35,0,4.63,US,1682555274
508,yung shue wan,22.2333,114.1167,23.09,77,100,1.34,HK,1682555274
509,sharkawshchyna,55.3713,27.4706,3.58,96,100,5.17,BY,1682555274
510,monchegorsk,67.9397,32.8739,-2.12,89,95,1.19,RU,1682555274
511,neya,58.2972,43.8681,9.39,97,100,2.17,RU,1682555274
512,riihimaki,60.7377,24.7773,5.31,93,98,2.78,FI,1682555275
513,namtsy,62.7161,129.6658,0.57,78,58,3.66,RU,1682555275
514,pecos,31.4229,-103.4932,28.47,11,0,6.69,US,1682555275
515,taoudenni,22.6783,-3.9836,30.07,11,0,4.53,ML,1682555275
516,tarko-sale,64.9225,77.785,-4.98,95,90,2.48,RU,1682555276
517,muli,2.9167,73.5667,28.51,74,100,1.8,MV,1682555277
518,turpan,42.9333,89.1667,16.93,18,3,1.29,CN,1682555277
519,al mindak,20.1588,41.2834,16.78,59,6,0.29,SA,1682555277
520,vallenar,-28.5708,-70.7581,17.53,71,0,1.47,CL,1682555141
521,hargeysa,9.56,44.065,22.5,68,48,4.05,SO,1682555278
522,kerikeri,-35.2268,173.9474,19.39,73,98,1.77,NZ,1682555278
523,sao jose da coroa grande,-8.8978,-35.1478,25.77,83,66,1.99,BR,1682555278
524,urucui,-7.2294,-44.5561,27.19,55,77,1.34,BR,1682555280
525,ceelbuur,4.685,46.6176,28.73,68,71,5.75,SO,1682555280
526,minab,27.1467,57.0801,25.04,72,95,0.64,IR,1682555280
527,anshun,26.25,105.9333,13.66,76,91,3.99,CN,1682555280
528,jalapa,19.5333,-96.9167,21.74,82,100,1.58,MX,1682555281
529,tlanchinol,20.9833,-98.65,21.5,77,90,1.48,MX,1682555281
530,shingu,33.7333,135.9833,16.64,45,0,1.35,JP,1682555005
531,asuncion nochixtlan,17.4667,-97.2333,23.85,31,98,2.72,MX,1682555282
532,jinchang,38.4953,102.1739,7.39,46,100,4.97,CN,1682555282
533,mar del plata,-38.0023,-57.5575,16.72,87,40,4.12,AR,1682555066
534,alaghsas,17.0187,8.0168,30.35,10,26,4.2,NE,1682555282
535,diamantino,-14.4086,-56.4461,23.74,85,35,0.87,BR,1682555283
536,camiri,-20.05,-63.5167,17.69,96,9,0.78,BO,1682555283
537,thayetmyo,19.3167,95.1833,28.26,57,0,2.91,MM,1682555283
538,garoua,9.3,13.4,29.52,41,56,1.89,CM,1682555283
539,akureyri,65.6835,-18.0878,-4.04,68,40,1.03,IS,1682555283
540,codrington,-38.2667,141.9667,16.72,81,99,7.52,AU,1682555284
541,ortega,3.9361,-75.2217,24.67,82,88,0.34,CO,1682555284
542,abu jibeha,11.4562,31.2285,29.19,44,7,2.2,SD,1682555284
543,puerto madero,14.7208,-92.4215,30.11,70,20,1.54,MX,1682555285
544,pires do rio,-17.2997,-48.2794,20.27,78,19,1.22,BR,1682555285
545,plastun,44.7561,136.2939,11.42,26,0,3.73,RU,1682555285
546,askoy,60.4092,5.226,3.31,94,75,1.54,NO,1682555285
547,peterhead,57.5058,-1.7981,3.22,78,60,2.04,GB,1682555286
548,palmer,42.1584,-72.3287,11.34,56,82,2.48,US,1682555286
549,thunder bay,48.4001,-89.3168,5.99,42,40,10.29,CA,1682555286
550,prince george,53.9166,-122.753,11.69,30,75,10.8,CA,1682555208
551,palm harbor,28.0781,-82.7637,27.16,76,0,0.89,US,1682555287
552,grand baie,-20.0182,57.5802,24.14,81,15,2.68,MU,1682555287
553,weno,7.4515,151.8468,28.34,77,99,5.32,FM,1682555288
554,grande prairie,55.1667,-118.8027,12.1,37,75,11.83,CA,1682554689
555,acapulco de juarez,16.8634,-99.8901,28.9,65,75,3.6,MX,1682555270
556,patterson,37.4716,-121.1297,31.59,31,12,2.96,US,1682555289
557,lucapa,-8.4192,20.7447,18.62,94,100,0.84,AO,1682555289
558,at taj,24.2049,23.2857,23.97,20,2,6.02,LY,1682555289
559,chamzinka,54.4019,45.7839,8.69,90,18,4.4,RU,1682555290
560,petrovsk-zabaykal'skiy,51.273,108.843,-4.32,89,100,4.08,RU,1682555290
561,yanchep,-31.55,115.6833,19.78,67,90,4.69,AU,1682555290
562,bom jardim,-7.7958,-35.5872,21.27,95,83,1.4,BR,1682555291
563,kyzyl-mazhalyk,51.1333,90.6,-1.49,61,61,0.78,RU,1682555291
564,port moresby,-9.4431,147.1797,30.68,70,40,1.54,PG,1682555291
565,la cruz,23.9167,-106.9,26.16,50,79,2.72,MX,1682555291
566,manga,11.6636,-1.0731,30.89,42,74,4.59,BF,1682555291
567,mamuju,-2.6748,118.8885,26.63,85,100,3.43,ID,1682555292
568,oltinko'l,40.8011,72.1634,16.92,33,27,2.55,UZ,1682555292
569,nuuk,64.1835,-51.7216,0.34,100,100,5.14,GL,1682555292
570,andergrove,-21.0833,149.1833,24.19,74,54,8.12,AU,1682555293
571,kuta,-8.7233,115.1723,27.97,83,75,4.12,ID,1682555293
572,olinda,-8.0089,-34.8553,26.85,78,40,1.54,BR,1682555293
573,biysk,52.5364,85.2072,5.18,90,95,2.48,RU,1682555293
574,morehead city,34.7229,-76.726,21.0,80,75,4.63,US,1682555293
575,genhe,50.7833,121.5167,4.9,39,2,2.59,CN,1682555294
576,bulungu,-4.55,18.6,21.15,99,100,0.47,CD,1682555294
577,arkhangel'sk,64.5401,40.5433,3.06,52,0,4.0,RU,1682555294
578,kegeyli shahar,42.7767,59.6078,19.05,17,49,5.37,UZ,1682555294
579,tual,-5.6667,132.75,28.53,76,84,3.86,ID,1682555294
580,polva,58.0603,27.0694,5.96,91,100,3.15,EE,1682555295
581,nenjiang,49.1833,125.2167,9.93,33,65,4.79,CN,1682555295
582,oroqen zizhiqi,50.5667,123.7167,5.91,32,23,2.82,CN,1682555295
583,taltal,-25.4,-70.4833,18.06,82,38,1.03,CL,1682555295
